{"version": "1", "message": "ERROR: Hidden Testcases server unreachable.", "problem_id": "ads2_m7_a1_1", "user_id": "Ravikrishna234", "score": {"sample": {"0": {"execution_time": 0.4644773006439209, "passed": true}, "1": {"execution_time": 0.15914177894592285, "passed": true}, "2": {"execution_time": 0.23869848251342773, "passed": true}, "3": {"execution_time": 0.2003476619720459, "passed": true}, "4": {"execution_time": 0.18847084045410156, "passed": true}, "5": {"execution_time": 0.16706562042236328, "passed": true}}}, "check_style_score": "1/1"}